2010	normale	sujet	57916
2010	normale	corrige	57918
2010	rattrapage	sujet	57920
2010	rattrapage	corrige	57922
2011	normale	sujet	57924
2011	normale	corrige	57926
2011	rattrapage	sujet	57928
2011	rattrapage	corrige	57930
2012	normale	sujet	57932
2012	normale	corrige	57934
2012	rattrapage	sujet	57936
2012	rattrapage	corrige	57938
2013	normale	sujet	57940
2013	normale	corrige	57942
2013	rattrapage	sujet	57944
2013	rattrapage	corrige	57946
2014	normale	sujet	57948
2015	normale	sujet	57950
2015	normale	corrige	57952
2015	rattrapage	sujet	57954
2015	rattrapage	corrige	57956
2016	normale	sujet	57958
2016	normale	corrige	57960
2016	rattrapage	sujet	57965
2016	rattrapage	corrige	57967
2017	normale	sujet	57969
2017	normale	corrige	57971
2017	rattrapage	sujet	106218
2017	rattrapage	corrige	106220
2018	normale	sujet	65507
2018	normale	corrige	65509
2018	rattrapage	sujet	65511
2018	rattrapage	corrige	106222
2019	normale	sujet	68480
2019	normale	corrige	106424
2019	rattrapage	sujet	94395
2019	rattrapage	corrige	109642
2020	normale	sujet	109634
2020	normale	corrige	109636
2020	rattrapage	sujet	109638
2020	rattrapage	corrige	109640
2021	normale	sujet	127192
2021	normale	corrige	136836
2021	rattrapage	sujet	127194
2021	rattrapage	corrige	136838
2022	normale	sujet	136603
2022	normale	corrige	136840
2022	rattrapage	sujet	136605
2022	rattrapage	corrige	136842
2023	normale	sujet	142489
2023	normale	corrige	142491
2023	rattrapage	sujet	142493
2023	rattrapage	corrige	142495
2024	normale	sujet	145738
2024	normale	corrige	145736
2024	rattrapage	sujet	145740
2024	rattrapage	corrige	145742
2025	normale	sujet	145782
2025	rattrapage	sujet	145784
