folder	file	element_id	chapitre	seance	type
chapitre-01-limites-et-continuite	seance-1-1-1-cours-partie1.txt	130019	Chapitre 1 : Limites et continuité	Séance 1-1-1 : Limites et continuité - Partie 1 (Cours)	Cours
chapitre-01-limites-et-continuite	seance-1-1-2-exercices-partie1.txt	130020	Chapitre 1 : Limites et continuité	Séance 1-1-2 : Limites et continuité - Partie 1 (Exercices)	Exercices
chapitre-01-limites-et-continuite	seance-1-2-1-cours-partie2.txt	130021	Chapitre 1 : Limites et continuité	Séance 1-2-1 : Limites et continuité - Partie 2 (Cours)	Cours
chapitre-01-limites-et-continuite	seance-1-2-2-exercices-partie2.txt	130022	Chapitre 1 : Limites et continuité	Séance 1-2-2 : Limites et continuité - Partie 2 (Exercices)	Exercices
chapitre-01-limites-et-continuite	seance-1-3-1-cours-partie3.txt	130023	Chapitre 1 : Limites et continuité	Séance 1-3-1 : Limites et continuité - Partie 3 (Cours)	Cours
chapitre-01-limites-et-continuite	seance-1-3-2-exercices-partie3.txt	130024	Chapitre 1 : Limites et continuité	Séance 1-3-2 : Limites et continuité - Partie 3 (Exercices)	Exercices
chapitre-01-limites-et-continuite	seance-1-4-probleme-de-synthese.txt	130025	Chapitre 1 : Limites et continuité	Séance 1-4 : Limites et continuité - Problème de synthèse	Problème de synthèse
chapitre-02-suites-numeriques	seance-2-1-1-cours-partie1.txt	130026	Chapitre 2 : Suites numériques	Séance 2-1-1 : Suites numériques - Partie 1 (Cours)	Cours
chapitre-02-suites-numeriques	seance-2-1-2-exercices-partie1.txt	130027	Chapitre 2 : Suites numériques	Séance 2-1-2 : Suites numériques - Partie 1 (Exercices)	Exercices
chapitre-02-suites-numeriques	seance-2-2-1-cours-partie2.txt	130028	Chapitre 2 : Suites numériques	Séance 2-2-1 : Suites numériques - Partie 2 (Cours)	Cours
chapitre-02-suites-numeriques	seance-2-2-2-exercices-partie2.txt	130029	Chapitre 2 : Suites numériques	Séance 2-2-2 : Suites numériques - Partie 2 (Exercices)	Exercices
chapitre-02-suites-numeriques	seance-2-3-1-cours-partie3.txt	130030	Chapitre 2 : Suites numériques	Séance 2-3-1 : Suites numériques - Partie 3 (Cours)	Cours
chapitre-02-suites-numeriques	seance-2-3-2-exercices-partie3.txt	130031	Chapitre 2 : Suites numériques	Séance 2-3-2 : Suites numériques - Partie 3 (Exercices)	Exercices
chapitre-02-suites-numeriques	seance-2-4-probleme-de-synthese.txt	130032	Chapitre 2 : Suites numériques	Séance 2-4 : Suites numériques - Problème de synthèse	Problème de synthèse
chapitre-03-derivation-et-etude-des-fonctions	seance-3-1-1-cours-partie1.txt	130033	Chapitre 3 : Dérivation et étude des fonctions	Séance 3-1-1 : Dérivation et étude des fonctions - Partie 1 (Cours)	Cours
chapitre-03-derivation-et-etude-des-fonctions	seance-3-1-2-exercices-partie1.txt	130034	Chapitre 3 : Dérivation et étude des fonctions	Séance 3-1-2 : Dérivation et étude des fonctions - Partie 1 (Exercices)	Exercices
chapitre-03-derivation-et-etude-des-fonctions	seance-3-2-1-cours-partie2.txt	130527	Chapitre 3 : Dérivation et étude des fonctions	Séance 3-2-1 : Dérivation et étude des fonctions - Partie 2 (Cours)	Cours
chapitre-03-derivation-et-etude-des-fonctions	seance-3-2-2-exercices-partie2.txt	130529	Chapitre 3 : Dérivation et étude des fonctions	Séance 3-2-2 : Dérivation et étude des fonctions - Partie 2 (Exercices)	Exercices
chapitre-03-derivation-et-etude-des-fonctions	seance-3-3-1-cours-partie3.txt	130532	Chapitre 3 : Dérivation et étude des fonctions	Séance 3-3-1 : Dérivation et étude des fonctions - Partie 3 (Cours)	Cours
chapitre-03-derivation-et-etude-des-fonctions	seance-3-3-2-exercices-partie3.txt	131252	Chapitre 3 : Dérivation et étude des fonctions	Séance 3-3-2 : Dérivation et étude des fonctions - Partie 3 (Exercices)	Exercices
chapitre-03-derivation-et-etude-des-fonctions	seance-3-4-probleme-de-synthese.txt	131388	Chapitre 3 : Dérivation et étude des fonctions	Séance 3-4 : Dérivation et étude des fonctions - Problème de synthèse	Problème de synthèse
chapitre-04-fonctions-logarithmiques	seance-4-1-1-cours-partie1.txt	131473	Chapitre 4 : Fonctions logarithmiques	Séance 4-1-1 : Fonctions logarithmiques - Partie 1 (Cours)	Cours
chapitre-04-fonctions-logarithmiques	seance-4-1-2-exercices-partie1.txt	131543	Chapitre 4 : Fonctions logarithmiques	Séance 4-1-2 : Fonctions logarithmiques - Partie 1 (Exercices)	Exercices
chapitre-04-fonctions-logarithmiques	seance-4-2-1-cours-partie2.txt	131589	Chapitre 4 : Fonctions logarithmiques	Séance 4-2-1 : Fonctions logarithmiques - Partie 2 (Cours)	Cours
chapitre-04-fonctions-logarithmiques	seance-4-2-2-exercices-partie2.txt	131689	Chapitre 4 : Fonctions logarithmiques	Séance 4-2-2 : Fonctions logarithmiques - Partie 2 (Exercices)	Exercices
chapitre-04-fonctions-logarithmiques	seance-4-3-probleme-de-synthese.txt	131691	Chapitre 4 : Fonctions logarithmiques	Séance 4-3 : Fonctions logarithmiques - Problème de synthèse	Problème de synthèse
chapitre-05-fonctions-exponentielles	seance-5-1-1-cours-partie1.txt	131864	Chapitre 5 : Fonctions exponentielles	Séance 5-1-1 : Fonctions exponentielles - Partie 1 (Cours)	Cours
chapitre-05-fonctions-exponentielles	seance-5-1-2-exercices-partie1.txt	132577	Chapitre 5 : Fonctions exponentielles	Séance 5-1-2 : Fonctions exponentielles - Partie 1 (Exercices)	Exercices
chapitre-05-fonctions-exponentielles	seance-5-2-1-cours-partie2.txt	131929	Chapitre 5 : Fonctions exponentielles	Séance 5-2-1 : Fonctions exponentielles - Partie 2 (Cours)	Cours
chapitre-05-fonctions-exponentielles	seance-5-2-2-exercices-partie2.txt	132579	Chapitre 5 : Fonctions exponentielles	Séance 5-2-2 : Fonctions exponentielles - Partie 2 (Exercices)	Exercices
chapitre-05-fonctions-exponentielles	seance-5-3-probleme-de-synthese.txt	131931	Chapitre 5 : Fonctions exponentielles	Séance 5-3 : Fonctions exponentielles - Problème de synthèse	Problème de synthèse
chapitre-06-nombres-complexes	seance-6-1-1-cours-partie1.txt	132805	Chapitre 6 : Nombres complexes	Séance 6-1-1 : Nombres complexes - Partie 1 (Cours)	Cours
chapitre-06-nombres-complexes	seance-6-1-2-exercices-partie1.txt	133670	Chapitre 6 : Nombres complexes	Séance 6-1-2 : Nombres complexes - Partie 1 (Exercices)	Exercices
chapitre-06-nombres-complexes	seance-6-2-1-cours-partie2.txt	133406	Chapitre 6 : Nombres complexes	Séance 6-2-1 : Nombres complexes - Partie 2 (Cours)	Cours
chapitre-06-nombres-complexes	seance-6-2-2-exercices-partie2.txt	133672	Chapitre 6 : Nombres complexes	Séance 6-2-2 : Nombres complexes - Partie 2 (Exercices)	Exercices
chapitre-06-nombres-complexes	seance-6-3-probleme-de-synthese.txt	133674	Chapitre 6 : Nombres complexes	Séance 6-3 : Nombres complexes - Problème de synthèse	Problème de synthèse
chapitre-07-calcul-integral	seance-7-1-1-cours-partie1.txt	134140	Chapitre 7 : Calcul intégral	Séance 7-1-1 : Calcul intégral - Partie 1 (Cours)	Cours
chapitre-07-calcul-integral	seance-7-1-2-exercices-partie1.txt	134158	Chapitre 7 : Calcul intégral	Séance 7-1-2 : Calcul intégral - Partie 1 (Exercices)	Exercices
chapitre-07-calcul-integral	seance-7-2-1-cours-partie2.txt	134155	Chapitre 7 : Calcul intégral	Séance 7-2-1 : Calcul intégral - Partie 2 (Cours)	Cours
chapitre-07-calcul-integral	seance-7-2-2-exercices-partie2.txt	134160	Chapitre 7 : Calcul intégral	Séance 7-2-2 : Calcul intégral - Partie 2 (Exercices)	Exercices
chapitre-07-calcul-integral	seance-7-3-probleme-de-synthese.txt	134173	Chapitre 7 : Calcul intégral	Séance 7-3 : Calcul intégral - Problème de synthèse	Problème de synthèse
chapitre-08-equations-differentielles	seance-8-1-cours.txt	131997	Chapitre 8 : Équations différentielles	Séance 8-1 : Équations différentielles - Cours	Cours
chapitre-08-equations-differentielles	seance-8-2-exercices.txt	134304	Chapitre 8 : Équations différentielles	Séance 8-2 : Équations différentielles - Exercices	Exercices
chapitre-08-equations-differentielles	seance-8-3-probleme-de-synthese.txt	134306	Chapitre 8 : Équations différentielles	Séance 8-3 : Équations différentielles - Problème de synthèse	Problème de synthèse
chapitre-09-arithmetique-dans-Z	seance-9-1-1-cours-partie1.txt	134232	Chapitre 9 : Arithmétique dans ℤ	Séance 9-1-1 : Arithmétique dans ℤ - Partie 1 (Cours)	Cours
chapitre-09-arithmetique-dans-Z	seance-9-1-2-exercices-partie1.txt	134248	Chapitre 9 : Arithmétique dans ℤ	Séance 9-1-2 : Arithmétique dans ℤ - Partie 1 (Exercices)	Exercices
chapitre-09-arithmetique-dans-Z	seance-9-2-1-cours-partie2.txt	134234	Chapitre 9 : Arithmétique dans ℤ	Séance 9-2-1 : Arithmétique dans ℤ - Partie 2 (Cours)	Cours
chapitre-09-arithmetique-dans-Z	seance-9-2-2-exercices-partie2.txt	134250	Chapitre 9 : Arithmétique dans ℤ	Séance 9-2-2 : Arithmétique dans ℤ - Partie 2 (Exercices)	Exercices
chapitre-09-arithmetique-dans-Z	seance-9-3-probleme-de-synthese.txt	134255	Chapitre 9 : Arithmétique dans ℤ	Séance 9-3 : Arithmétique dans ℤ - Problème de synthèse	Problème de synthèse
chapitre-10-structures-algebriques	seance-10-1-1-cours-partie1.txt	134788	Chapitre 10 : Structures algébriques	Séance 10-1-1 : Structures algébriques - Partie 1 (Cours)	Cours
chapitre-10-structures-algebriques	seance-10-1-2-exercices-partie1.txt	135031	Chapitre 10 : Structures algébriques	Séance 10-1-2 : Structures algébriques - Partie 1 (Exercices)	Exercices
chapitre-10-structures-algebriques	seance-10-2-1-cours-partie2.txt	134829	Chapitre 10 : Structures algébriques	Séance 10-2-1 : Structures algébriques - Partie 2 (Cours)	Cours
chapitre-10-structures-algebriques	seance-10-2-2-exercices-partie2.txt	135033	Chapitre 10 : Structures algébriques	Séance 10-2-2 : Structures algébriques - Partie 2 (Exercices)	Exercices
chapitre-10-structures-algebriques	seance-10-3-probleme-de-synthese.txt	135035	Chapitre 10 : Structures algébriques	Séance 10-3 : Structures algébriques - Problème de synthèse	Problème de synthèse
chapitre-11-espaces-vectoriels	seance-11-1-cours.txt	135208	Chapitre 11 : Espaces vectoriels	Séance 11-1 : Espaces vectoriels - Cours	Cours
chapitre-11-espaces-vectoriels	seance-11-2-exercices.txt	135266	Chapitre 11 : Espaces vectoriels	Séance 11-2 : Espaces vectoriels - Exercices	Exercices
chapitre-11-espaces-vectoriels	seance-11-3-probleme-de-synthese.txt	135762	Chapitre 11 : Espaces vectoriels	Séance 11-3 : Espaces vectoriels - Problème de synthèse	Problème de synthèse
chapitre-12-calcul-de-probabilites	seance-12-1-1-cours-partie1.txt	136040	Chapitre 12 : Calcul de probabilités	Séance 12-1-1 : Calcul de probabilités - Partie 1 (Cours)	Cours
chapitre-12-calcul-de-probabilites	seance-12-1-2-exercices-partie1.txt	136215	Chapitre 12 : Calcul de probabilités	Séance 12-1-2 : Calcul de probabilités - Partie 1 (Exercices)	Exercices
chapitre-12-calcul-de-probabilites	seance-12-2-1-cours-partie2.txt	136057	Chapitre 12 : Calcul de probabilités	Séance 12-2-1 : Calcul de probabilités - Partie 2 (Cours)	Cours
chapitre-12-calcul-de-probabilites	seance-12-2-2-exercices-partie2.txt	136217	Chapitre 12 : Calcul de probabilités	Séance 12-2-2 : Calcul de probabilités - Partie 2 (Exercices)	Exercices
chapitre-12-calcul-de-probabilites	seance-12-3-probleme-de-synthese.txt	136219	Chapitre 12 : Calcul de probabilités	Séance 12-3 : Calcul de probabilités - Problème de synthèse	Problème de synthèse
devoirs-corriges	devoir-sem1-devoir1-modele1.txt	131979	Devoirs Corrigés	Semestre 1 - Devoir 1 - Modèle 1	Devoir corrigé
devoirs-corriges	devoir-sem1-devoir1-modele2.txt	137652	Devoirs Corrigés	Semestre 1 - Devoir 1 - Modèle 2	Devoir corrigé
devoirs-corriges	devoir-sem1-devoir2-modele1.txt	132728	Devoirs Corrigés	Semestre 1 - Devoir 2 - Modèle 1	Devoir corrigé
devoirs-corriges	devoir-sem1-devoir2-modele2.txt	138684	Devoirs Corrigés	Semestre 1 - Devoir 2 - Modèle 2	Devoir corrigé
devoirs-corriges	devoir-sem1-devoir3-modele1.txt	133280	Devoirs Corrigés	Semestre 1 - Devoir 3 - Modèle 1	Devoir corrigé
devoirs-corriges	devoir-sem2-devoir1-modele1.txt	134999	Devoirs Corrigés	Semestre 2 - Devoir 1 - Modèle 1	Devoir corrigé
devoirs-corriges	devoir-sem2-devoir2-modele1.txt	135699	Devoirs Corrigés	Semestre 2 - Devoir 2 - Modèle 1	Devoir corrigé
devoirs-corriges	devoir-sem2-devoir3-modele1.txt	135701	Devoirs Corrigés	Semestre 2 - Devoir 3 - Modèle 1	Devoir corrigé
