2010	normale	sujet	57599
2010	normale	corrige	57602
2010	rattrapage	sujet	57605
2010	rattrapage	corrige	57608
2011	normale	sujet	57611
2011	normale	corrige	57614
2011	rattrapage	sujet	57617
2011	rattrapage	corrige	57620
2012	normale	sujet	57623
2012	normale	corrige	57626
2012	rattrapage	sujet	57629
2012	rattrapage	corrige	57632
2013	normale	sujet	57635
2013	rattrapage	sujet	57638
2014	normale	sujet	57641
2014	normale	corrige	57644
2014	rattrapage	sujet	57647
2014	rattrapage	corrige	57650
2015	normale	sujet	57653
2015	rattrapage	sujet	57656
2016	normale	sujet	57659
2016	normale	corrige	57662
2016	rattrapage	sujet	57665
2016	rattrapage	corrige	57668
2017	normale	sujet	57671
2017	normale	corrige	57674
2017	rattrapage	sujet	57677
2017	rattrapage	corrige	57680
2018	normale	sujet	57686
2018	normale	corrige	57683
2018	rattrapage	sujet	94406
2018	rattrapage	corrige	94409
2019	normale	sujet	68287
2019	normale	corrige	106224
2019	rattrapage	sujet	94412
2019	rattrapage	corrige	94415
2020	normale	sujet	109712
2020	normale	corrige	109720
2020	rattrapage	sujet	109759
2020	rattrapage	corrige	109724
2021	normale	sujet	127202
2021	normale	corrige	136813
2021	rattrapage	sujet	127205
2021	rattrapage	corrige	136816
2022	normale	sujet	136613
2022	normale	corrige	136819
2022	rattrapage	sujet	136616
2022	rattrapage	corrige	136822
2023	normale	sujet	142463
2023	normale	corrige	142466
2023	rattrapage	sujet	142469
2023	rattrapage	corrige	142472
2024	normale	sujet	145747
2024	normale	corrige	145750
2024	rattrapage	sujet	145753
2024	rattrapage	corrige	145756
2025	normale	sujet	145792
